{
  "version": "1.0.0",
  "importance_mode": "lambda",
  "methods": {
    "gradient_boosting": {
      "threshold": 0.011,
      "val_ams": 0.7283365096246088,
      "test_ams": 1.0230250037933395,
      "test_auc": 0.9108733330101845
    },
    "single_step_projector": {
      "threshold": 0.005,
      "val_ams": 0.5288631252929773,
      "test_ams": 0.7374758952080032,
      "test_auc": 0.8746937416292655,
      "lambda": [
        0.013214038481531859,
        0.9996125791960027,
        0.005681082380393049,
        0.18094882706147294,
        0.08564743877346805,
        0.17067714711903365,
        0.047326657458142,
        0.014283817291817717,
        0.018564817193583213,
        0.1220853114024516,
        0.2902661353357309,
        0.35591471602621827,
        0.04268623224906513,
        0.4041301489243353,
        1.8933299929602333e-05,
        9.451926626686779e-05,
        0.03527911352029166,
        0.000305284426100033,
        1.8262780250285374e-07,
        0.06233320324571812,
        0.00010759252282662484,
        0.15964287020140147,
        0.08123798754582265,
        0.056396306019088495,
        4.0470227312623957e-07,
        2.2853068762857956e-05,
        0.0006251133425328501,
        5.610770682251341e-06,
        0.0002467938311019998,
        0.10385128383759161
      ]
    },
    "adaptive_geometric_jumps": {
      "threshold": 0.487,
      "val_ams": 0.42041375993224406,
      "test_ams": 0.5838600014265031,
      "test_auc": 0.8251499567217777,
      "lambdas": [
        [
          0.708671570823428,
          0.9963940107503845,
          1.0,
          0.9952569938320074,
          0.08557454022182459,
          0.08464121565978197,
          0.08565104680677975,
          0.9992918855391979,
          0.9977642271607771,
          0.996651216158038,
          0.9982292841514663,
          0.9965433703253427,
          0.08585476137972017,
          0.9961741029527346,
          0.9989834356101618,
          0.9985519200378857,
          0.9987588906497862,
          0.9990915392484693,
          0.9985702044810826,
          0.9965692790533497,
          0.9985490042369096,
          0.9970964481001037,
          0.9976184763653311,
          0.31849903555308806,
          0.31906482826982396,
          0.3192739576590816,
          0.0860042596135892,
          0.08585289970387242,
          0.08596993189671677,
          0.9965988751471534
        ],
        [
          0.6944129743956409,
          0.9885445094494376,
          0.9871490731278209,
          0.9257041475184157,
          0.08077455067234801,
          0.07693902174029268,
          0.08184724584266354,
          0.9962738779670444,
          0.9653105683083021,
          0.9140301342443182,
          0.9959273493712101,
          0.9627182616387224,
          0.08070550837430229,
          0.9214666948118861,
          0.9988913617451265,
          0.9975737835256235,
          0.9859465715686924,
          1.0,
          0.9978767989049284,
          0.9559338595601407,
          0.9975292679551574,
          0.9386321479938019,
          0.9561905385471354,
          0.28327098885587615,
          0.31081137231993283,
          0.30872667672557436,
          0.07405048922277095,
          0.08131147426227527,
          0.08084743123854995,
          0.9051370069716732
        ],
        [
          0.6807076485364458,
          0.9795980270477924,
          0.9751383196620709,
          0.8622003736291062,
          0.07624247472768662,
          0.07003436054639468,
          0.07820902758845806,
          0.9928749561621032,
          0.9350151931165958,
          0.8402389060317695,
          0.993026133805765,
          0.9290177329329855,
          0.07586283107716901,
          0.8567649785852423,
          0.9979618809874238,
          0.9958315948675686,
          0.9742822741285714,
          1.0,
          0.9964107978610365,
          0.9194825288771837,
          0.9957511083517675,
          0.8857252199820107,
          0.9160978747353744,
          0.2525003560509898,
          0.30270736806615517,
          0.2985292011265394,
          0.0638222296096055,
          0.07700994319877759,
          0.0760308576291591,
          0.8229128460984659
        ],
        [
          0.6682006618486558,
          0.9701186019063992,
          0.9647092545328413,
          0.8058285927068988,
          0.07206004798783282,
          0.06399560049669395,
          0.0748181949782637,
          0.9900093343121475,
          0.9078136823342551,
          0.7761297954090732,
          0.9901010286557218,
          0.8965863022805706,
          0.07140823428058919,
          0.8022237652930703,
          0.9971042104045901,
          0.9942358730575812,
          0.9641394768122742,
          1.0,
          0.9950799117288365,
          0.8878780694069589,
          0.9941237537295476,
          0.8393485480641385,
          0.8784979641115497,
          0.2263890735932845,
          0.29505883397992994,
          0.28898561396242856,
          0.055322783916679164,
          0.07303031092229523,
          0.07160239309541104,
          0.75094092184924
        ],
        [
          0.656838414819317,
          0.959902026015448,
          0.9555765264586861,
          0.7561252274252884,
          0.0682197388448712,
          0.058750129723808164,
          0.07167232351758868,
          0.987642163057151,
          0.8835159050245204,
          0.7207635605746476,
          0.9869193373182014,
          0.8655903591095278,
          0.0673313748613176,
          0.7560594670359027,
          0.9963164834341045,
          0.9927828670223763,
          0.9549818069450536,
          1.0,
          0.9938775233110869,
          0.8605095822019028,
          0.9926415590078999,
          0.7989457666051519,
          0.8434897973586569,
          0.20441629345532883,
          0.2878722919315699,
          0.28009210853574323,
          0.048317800365239666,
          0.06936619165608757,
          0.06755208360462889,
          0.6884182029001031
        ]
      ]
    },
    "gb_informed_boson_fold": {
      "importance_mode": "lambda",
      "threshold": 0.501,
      "val_ams": 0.3321386512505881,
      "test_ams": 0.45406496310709826,
      "test_auc": 0.7611976530182472,
      "feature_importances": [
        0.016862881499884682,
        0.07336337401073655,
        0.00012325492004955263,
        0.017390659134585554,
        0.09963708654680886,
        0.09705549710728784,
        0.09579995642373211,
        6.696325114415391e-05,
        0.0001288112210870309,
        0.011626579287166844,
        0.020054812798280083,
        0.03904788400981883,
        0.09847116564146467,
        0.026779105146205982,
        1.2525674165079295e-06,
        1.096105380991048e-05,
        0.0005118691952394661,
        1.5195551407616096e-06,
        7.673771773784799e-06,
        0.0002209201712219322,
        1.9107059108643105e-05,
        0.009177465079919052,
        0.008955791275001191,
        0.05082629317052835,
        0.04432521074941839,
        0.04432492363191355,
        0.07875875451230797,
        0.07871843948222693,
        0.07872900904073633,
        0.009002778685762708
      ],
      "lambda": [
        0.10542490371570515,
        0.17351476289944304,
        0.10542490371570515,
        0.1804474747424777,
        0.3360244261979133,
        0.2530127467482154,
        0.3431951777726355,
        0.10732791086474078,
        0.10937534122250239,
        0.15543462774010142,
        0.12868021306019997,
        0.1322045168073319,
        0.12978524509605913,
        0.1868556779867493,
        0.12868021306019997,
        0.12868021306019997,
        0.1227313990600202,
        0.12729580653329114,
        0.12868021306019997,
        0.1227313990600202,
        0.12729580653329114,
        0.11941247932873694,
        0.10569376072950488
      ]
    }
  }
}